{
  "version": "1.0",
  "source": "01_EDA.ipynb Cell 4 - describe() per class (df_raw, pre-temporal filter)",
  "generated_at": "2026-02-07",
  "total_samples": 21800,
  "sample_rate_hz": 15,
  "notes": "RMS = sqrt(mean^2 + std^2). std from pandas describe (ddof=1). With n>7000, difference to ddof=0 is negligible.",
  "classes": {
    "LOW": {
      "n": 7275,
      "accel_x_g": { "mean": 0.296727, "std": 0.063517, "rms": 0.3035, "min": 0.1165, "max": 0.4463, "p25": 0.2488, "p50": 0.3044, "p75": 0.3474 },
      "accel_y_g": { "mean": -0.030873, "std": 0.134315, "rms": 0.1378, "min": -0.345, "max": 0.2644, "p25": -0.13975, "p50": -0.0256, "p75": 0.0801 },
      "accel_z_g": { "mean": -1.079087, "std": 0.021107, "rms": 1.0793, "min": -1.1514, "max": -1.0078, "p25": -1.0933, "p50": -1.0796, "p75": -1.0657 },
      "gyro_x_dps": { "mean": -0.995082, "std": 3.093627, "rms": 3.2498, "min": -12.34, "max": 11.11, "p25": -3.11, "p50": -1.05, "p75": 1.02 },
      "gyro_y_dps": { "mean": 0.544118, "std": 1.593115, "rms": 1.6836, "min": -4.67, "max": 5.23, "p25": -0.51, "p50": 0.53, "p75": 1.59 },
      "gyro_z_dps": { "mean": 0.723005, "std": 14.957338, "rms": 14.9748, "min": -33.4, "max": 33.76, "p25": -10.31, "p50": 1.12, "p75": 11.035 }
    },
    "MEDIUM": {
      "n": 7250,
      "accel_x_g": { "mean": 0.296566, "std": 0.104503, "rms": 0.3144, "min": -0.0527, "max": 0.5725, "p25": 0.2314, "p50": 0.3149, "p75": 0.3706 },
      "accel_y_g": { "mean": -0.031411, "std": 0.146959, "rms": 0.1503, "min": -0.4177, "max": 0.324, "p25": -0.143525, "p50": -0.0247, "p75": 0.0828 },
      "accel_z_g": { "mean": -1.078365, "std": 0.02962, "rms": 1.0788, "min": -1.1941, "max": -0.9783, "p25": -1.0981, "p50": -1.0776, "p75": -1.0583 },
      "gyro_x_dps": { "mean": -0.997553, "std": 8.364083, "rms": 8.4234, "min": -34.69, "max": 25.81, "p25": -5.81, "p50": -0.51, "p75": 4.21 },
      "gyro_y_dps": { "mean": 0.526527, "std": 3.355231, "rms": 3.3963, "min": -11.9, "max": 10.47, "p25": -1.56, "p50": 0.555, "p75": 2.83 },
      "gyro_z_dps": { "mean": 0.735448, "std": 18.814258, "rms": 18.8288, "min": -45.29, "max": 46.39, "p25": -8.7375, "p50": 0.275, "p75": 10.8375 }
    },
    "HIGH": {
      "n": 7275,
      "accel_x_g": { "mean": 0.297691, "std": 0.272778, "rms": 0.4038, "min": -0.1716, "max": 1.0022, "p25": 0.0814, "p50": 0.2317, "p75": 0.4889 },
      "accel_y_g": { "mean": -0.031806, "std": 0.206018, "rms": 0.2085, "min": -0.5735, "max": 0.5742, "p25": -0.1836, "p50": -0.0405, "p75": 0.1111 },
      "accel_z_g": { "mean": -1.078061, "std": 0.062711, "rms": 1.0799, "min": -1.281, "max": -0.8665, "p25": -1.1194, "p50": -1.0774, "p75": -1.0366 },
      "gyro_x_dps": { "mean": -1.049487, "std": 14.115252, "rms": 14.1543, "min": -39.6, "max": 43.65, "p25": -10.24, "p50": -1.53, "p75": 7.55 },
      "gyro_y_dps": { "mean": 0.523864, "std": 5.715603, "rms": 5.7395, "min": -15.88, "max": 16.06, "p25": -3.5, "p50": 0.63, "p75": 4.31 },
      "gyro_z_dps": { "mean": 0.943256, "std": 21.648525, "rms": 21.669, "min": -56.21, "max": 49.84, "p25": -12.765, "p50": 1.17, "p75": 15.53 }
    }
  }
}
