{
    "type": "gaussian_nb",
    "version": "py_20260203",
    "generated_at": "2026-02-03 22:20:29",
    "generated_by": "02_Model_Training_Evaluation.ipynb",
    "features": [
        "accel_z_g_std",
        "accel_x_g_std",
        "gyro_z_dps_peak",
        "gyro_x_dps_std",
        "accel_x_g_peak",
        "accel_x_g_clearance_factor",
        "gyro_x_dps_peak",
        "gyro_x_dps_rms",
        "accel_z_g_clearance_factor",
        "gyro_z_dps_rms"
    ],
    "labels": [
        "HIGH",
        "LOW",
        "MEDIUM"
    ],
    "priors": {
        "HIGH": 0.3312818347770916,
        "LOW": 0.3278410149371202,
        "MEDIUM": 0.3408771502857882
    },
    "stats": {
        "HIGH": {
            "accel_z_g_std": {
                "mean": 0.07568582601425593,
                "var": 0.0001293806547021546,
                "count": 432
            },
            "accel_x_g_std": {
                "mean": 0.3074595266051805,
                "var": 0.0029760852517561748,
                "count": 432
            },
            "gyro_z_dps_peak": {
                "mean": 48.29966842873493,
                "var": 24.421077858121862,
                "count": 432
            },
            "gyro_x_dps_std": {
                "mean": 7.615082011446549,
                "var": 0.6475565543890482,
                "count": 432
            },
            "accel_x_g_peak": {
                "mean": 0.9879652636339152,
                "var": 0.019713026057945116,
                "count": 432
            },
            "accel_x_g_clearance_factor": {
                "mean": 3.1492433118994905,
                "var": 0.4867946713562912,
                "count": 432
            },
            "gyro_x_dps_peak": {
                "mean": 20.74518501616833,
                "var": 12.622433728168971,
                "count": 432
            },
            "gyro_x_dps_rms": {
                "mean": 8.055134469264146,
                "var": 0.8357916052119378,
                "count": 432
            },
            "accel_z_g_clearance_factor": {
                "mean": 1.1846487408088626,
                "var": 0.001492869825662213,
                "count": 432
            },
            "gyro_z_dps_rms": {
                "mean": 21.37948387218851,
                "var": 11.118177068150999,
                "count": 432
            }
        },
        "LOW": {
            "accel_z_g_std": {
                "mean": 0.02749993241959906,
                "var": 0.0006065151438873274,
                "count": 415
            },
            "accel_x_g_std": {
                "mean": 0.08051404506347362,
                "var": 0.00020116259779780037,
                "count": 415
            },
            "gyro_z_dps_peak": {
                "mean": 25.721363989623043,
                "var": 3.560165719119709,
                "count": 415
            },
            "gyro_x_dps_std": {
                "mean": 1.9560421985433833,
                "var": 0.10372863674038113,
                "count": 415
            },
            "accel_x_g_peak": {
                "mean": 0.46600622556272303,
                "var": 0.0003337579652390177,
                "count": 415
            },
            "accel_x_g_clearance_factor": {
                "mean": 1.4150684513918341,
                "var": 0.005521734140227608,
                "count": 415
            },
            "gyro_x_dps_peak": {
                "mean": 5.810382318899309,
                "var": 1.0525318777256274,
                "count": 415
            },
            "gyro_x_dps_rms": {
                "mean": 2.41499843286115,
                "var": 0.3308056961237744,
                "count": 415
            },
            "accel_z_g_clearance_factor": {
                "mean": 1.0514729656711033,
                "var": 0.0003008949117886406,
                "count": 415
            },
            "gyro_z_dps_rms": {
                "mean": 13.569920842843992,
                "var": 3.5182773883776406,
                "count": 415
            }
        },
        "MEDIUM": {
            "accel_z_g_std": {
                "mean": 0.027753953113614546,
                "var": 2.2553502233325375e-5,
                "count": 470
            },
            "accel_x_g_std": {
                "mean": 0.07464517036588765,
                "var": 9.640591902272937e-5,
                "count": 470
            },
            "gyro_z_dps_peak": {
                "mean": 32.501376888084344,
                "var": 9.670903090499223,
                "count": 470
            },
            "gyro_x_dps_std": {
                "mean": 3.126861373384316,
                "var": 0.28941979370541837,
                "count": 470
            },
            "accel_x_g_peak": {
                "mean": 0.4700715629770829,
                "var": 0.0008106858238970116,
                "count": 470
            },
            "accel_x_g_clearance_factor": {
                "mean": 1.4170267880934138,
                "var": 0.005243482187609061,
                "count": 470
            },
            "gyro_x_dps_peak": {
                "mean": 8.787468240260328,
                "var": 3.7248277550587687,
                "count": 470
            },
            "gyro_x_dps_rms": {
                "mean": 3.4289951784503017,
                "var": 0.40720678538456667,
                "count": 470
            },
            "accel_z_g_clearance_factor": {
                "mean": 1.0607735044519522,
                "var": 0.0002197215169073008,
                "count": 470
            },
            "gyro_z_dps_rms": {
                "mean": 16.027007055200336,
                "var": 4.858202796072419,
                "count": 470
            }
        }
    },
    "metrics": {
        "train_accuracy": 1,
        "cv_accuracy_mean": 0.9991266375545852
    },
    "training_info": {
        "total_samples": 1144,
        "window_size": 100
    },
    "eda_traceability": {
        "feature_config_version": "5.8",
        "eda_id": "eda_20260203_221724",
        "eda_generated_at": "20260203_221724",
        "sample_rate_hz": 20,
        "selection_method": "anova_f_test_with_classwise_correlation_pairwise_2of3_score_topk",
        "features_count": 10,
        "collection_ids": [
            "col_20260202_175920_20hz"
        ],
        "sampling_validation": {
            "status": "skipped",
            "reason": "Fonte CSV selecionada",
            "expected_hz": 20,
            "actual_hz": null,
            "deviation_pct": null,
            "samples": 0,
            "duration_min": null
        }
    },
    "_adapted": true,
    "_base_version": "py_20260203",
    "_adaptation_history": [
        {
            "timestamp": "2026-02-09T18:17:19.482Z",
            "lambda": 0.9,
            "classes": [
                "LOW",
                "MEDIUM",
                "HIGH"
            ],
            "featureCount": 10,
            "tag": null,
            "server_export": {
                "status": "ok",
                "file": "adapted_20260209_151719_f20hz_lambda0p90_col_20260209_181623_20hz_base_py_20260203_m_py_20260203.json",
                "relative_path": "models/adapted/adapted_20260209_151719_f20hz_lambda0p90_col_20260209_181623_20hz_base_py_20260203_m_py_20260203.json",
                "latest": "models/adapted/latest.json"
            },
            "axis_ref": {
                "status": "ok",
                "source": "soak_test",
                "classes": [
                    "LOW",
                    "MEDIUM",
                    "HIGH"
                ]
            }
        },
        {
            "timestamp": "2026-02-09T18:31:02.807Z",
            "lambda": 0.9,
            "classes": [
                "LOW",
                "MEDIUM",
                "HIGH"
            ],
            "featureCount": 10,
            "tag": null,
            "server_export": {
                "status": "ok",