{
    "type": "gaussian_nb",
    "version": "py_20260203",
    "generated_at": "2026-02-03 22:20:29",
    "generated_by": "02_Model_Training_Evaluation.ipynb",
    "features": [
        "accel_z_g_std",
        "accel_x_g_std",
        "gyro_z_dps_peak",
        "gyro_x_dps_std",
        "accel_x_g_peak",
        "accel_x_g_clearance_factor",
        "gyro_x_dps_peak",
        "gyro_x_dps_rms",
        "accel_z_g_clearance_factor",
        "gyro_z_dps_rms"
    ],
    "labels": [
        "HIGH",
        "LOW",
        "MEDIUM"
    ],
    "priors": {
        "HIGH": 0.28582320902034586,
        "LOW": 0.3479318867968214,
        "MEDIUM": 0.36624490418283284
    },
    "stats": {
        "HIGH": {
            "accel_z_g_std": {
                "mean": 0.06418304381589449,
                "var": 0.0003344169981474802,
                "count": 402
            },
            "accel_x_g_std": {
                "mean": 0.24779138311524693,
                "var": 0.008511490022490069,
                "count": 402
            },
            "gyro_z_dps_peak": {
                "mean": 46.61819075911991,
                "var": 24.459348904518265,
                "count": 402
            },
            "gyro_x_dps_std": {
                "mean": 6.788219950328776,
                "var": 1.9962633369595935,
                "count": 402
            },
            "accel_x_g_peak": {
                "mean": 0.8442775429313624,
                "var": 0.05055255963029626,
                "count": 402
            },
            "accel_x_g_clearance_factor": {
                "mean": 2.6794765251262653,
                "var": 0.7147541085601485,
                "count": 402
            },
            "gyro_x_dps_peak": {
                "mean": 18.72265867369965,
                "var": 17.246596152537336,
                "count": 402
            },
            "gyro_x_dps_rms": {
                "mean": 7.22891213779343,
                "var": 2.1434047605038344,
                "count": 402
            },
            "accel_z_g_clearance_factor": {
                "mean": 1.1558664465541555,
                "var": 0.0025396636413570484,
                "count": 402
            },
            "gyro_z_dps_rms": {
                "mean": 20.806465053859423,
                "var": 8.515059147604859,
                "count": 402
            }
        },
        "LOW": {
            "accel_z_g_std": {
                "mean": 0.026553955356418787,
                "var": 0.0002666819274485437,
                "count": 519
            },
            "accel_x_g_std": {
                "mean": 0.08126184732609872,
                "var": 0.00017643006794825118,
                "count": 519
            },
            "gyro_z_dps_peak": {
                "mean": 25.842904106987632,
                "var": 3.914385663015082,
                "count": 519
            },
            "gyro_x_dps_std": {
                "mean": 2.0071310131071183,
                "var": 0.09964759154009162,
                "count": 519
            },
            "accel_x_g_peak": {
                "mean": 0.46594798972648077,
                "var": 0.0002989879197954348,
                "count": 519
            },
            "accel_x_g_clearance_factor": {
                "mean": 1.4122792981568306,
                "var": 0.006150543173981227,
                "count": 519
            },
            "gyro_x_dps_peak": {
                "mean": 5.973533286515908,
                "var": 0.9968402796677935,
                "count": 519
            },
            "gyro_x_dps_rms": {
                "mean": 2.4813396329047643,
                "var": 0.3273134447551431,
                "count": 519
            },
            "accel_z_g_clearance_factor": {
                "mean": 1.0531494138097122,
                "var": 0.0001680538308701518,
                "count": 519
            },
            "gyro_z_dps_rms": {
                "mean": 13.4320565632092,
                "var": 3.662513700962336,
                "count": 519
            }
        },
        "MEDIUM": {
            "accel_z_g_std": {
                "mean": 0.026097188909503816,
                "var": 1.5827865348967012e-5,
                "count": 551
            },
            "accel_x_g_std": {
                "mean": 0.07461535822510519,
                "var": 0.00011479580936450684,
                "count": 551
            },
            "gyro_z_dps_peak": {
                "mean": 29.640600337628698,
                "var": 14.184389360841578,
                "count": 551
            },
            "gyro_x_dps_std": {
                "mean": 2.618639454170725,
                "var": 0.4617282840772141,
                "count": 551
            },
            "accel_x_g_peak": {
                "mean": 0.4644087223165163,
                "var": 0.0004962409803147827,
                "count": 551
            },
            "accel_x_g_clearance_factor": {
                "mean": 1.3957686076215867,
                "var": 0.0047966402406722786,
                "count": 551
            },
            "gyro_x_dps_peak": {
                "mean": 7.590014141947065,
                "var": 3.7356148024134725,
                "count": 551
            },
            "gyro_x_dps_rms": {
                "mean": 3.0255750640795456,
                "var": 0.5413745658793783,
                "count": 551
            },
            "accel_z_g_clearance_factor": {
                "mean": 1.0561790212035662,
                "var": 0.00015283891112649606,
                "count": 551
            },
            "gyro_z_dps_rms": {
                "mean": 15.051452155332651,
                "var": 5.0933739735320955,
                "count": 551
            }
        }
    },
    "metrics": {
        "train_accuracy": 1,
        "cv_accuracy_mean": 0.9991266375545852
    },
    "training_info": {
        "total_samples": 1144,
        "window_size": 100
    },
    "eda_traceability": {
        "feature_config_version": "5.8",
        "eda_id": "eda_20260203_221724",
        "eda_generated_at": "20260203_221724",
        "sample_rate_hz": 20,
        "selection_method": "anova_f_test_with_classwise_correlation_pairwise_2of3_score_topk",
        "features_count": 10,
        "collection_ids": [
            "col_20260202_175920_20hz"
        ],
        "sampling_validation": {
            "status": "skipped",
            "reason": "Fonte CSV selecionada",
            "expected_hz": 20,
            "actual_hz": null,
            "deviation_pct": null,
            "samples": 0,
            "duration_min": null
        }
    },
    "_adapted": true,
    "_base_version": "py_20260203",
    "_adaptation_history": [
        {
            "timestamp": "2026-02-09T18:17:19.482Z",
            "lambda": 0.9,
            "classes": [
                "LOW",
                "MEDIUM",
                "HIGH"
            ],
            "featureCount": 10,
            "tag": null,
            "server_export": {
                "status": "ok",
                "file": "adapted_20260209_151719_f20hz_lambda0p90_col_20260209_181623_20hz_base_py_20260203_m_py_20260203.json",
                "relative_path": "models/adapted/adapted_20260209_151719_f20hz_lambda0p90_col_20260209_181623_20hz_base_py_20260203_m_py_20260203.json",
                "latest": "models/adapted/latest.json"
            },
            "axis_ref": {
                "status": "ok",
                "source": "soak_test",
                "classes": [
                    "LOW",
                    "MEDIUM",
                    "HIGH"
                ]
            }
        },
        {
            "timestamp": "2026-02-09T18:31:02.807Z",
            "lambda": 0.9,
            "classes": [
                "LOW",
                "MEDIUM",
                "HIGH"
            ],
            "featureCount": 10,
            "tag": null,
            "server_export": {
                "status": "ok",