{
    "type": "gaussian_nb",
    "version": "py_20260203",
    "generated_at": "2026-02-03 22:20:29",
    "generated_by": "02_Model_Training_Evaluation.ipynb",
    "features": [
        "accel_z_g_std",
        "accel_x_g_std",
        "gyro_z_dps_peak",
        "gyro_x_dps_std",
        "accel_x_g_peak",
        "accel_x_g_clearance_factor",
        "gyro_x_dps_peak",
        "gyro_x_dps_rms",
        "accel_z_g_clearance_factor",
        "gyro_z_dps_rms"
    ],
    "labels": [
        "HIGH",
        "LOW",
        "MEDIUM"
    ],
    "priors": {
        "HIGH": 0.2929342546444501,
        "LOW": 0.35638621190754705,
        "MEDIUM": 0.3506795334480029
    },
    "stats": {
        "HIGH": {
            "accel_z_g_std": {
                "mean": 0.07203258810434587,
                "var": 0.0002097270501188941,
                "count": 424
            },
            "accel_x_g_std": {
                "mean": 0.28790216927764883,
                "var": 0.005303170446597241,
                "count": 424
            },
            "gyro_z_dps_peak": {
                "mean": 47.90734180260909,
                "var": 24.3156796717617,
                "count": 424
            },
            "gyro_x_dps_std": {
                "mean": 7.416599159600925,
                "var": 1.0504881004009405,
                "count": 424
            },
            "accel_x_g_peak": {
                "mean": 0.9417096251678616,
                "var": 0.03181620536296159,
                "count": 424
            },
            "accel_x_g_clearance_factor": {
                "mean": 2.998997711101629,
                "var": 0.5743056554342267,
                "count": 424
            },
            "gyro_x_dps_peak": {
                "mean": 20.11140247672682,
                "var": 13.757902699750446,
                "count": 424
            },
            "gyro_x_dps_rms": {
                "mean": 7.831232635705225,
                "var": 1.341475487318803,
                "count": 424
            },
            "accel_z_g_clearance_factor": {
                "mean": 1.1753027147490847,
                "var": 0.0019162131336025734,
                "count": 424
            },
            "gyro_z_dps_rms": {
                "mean": 21.297637050292984,
                "var": 9.510051134316939,
                "count": 424
            }
        },
        "LOW": {
            "accel_z_g_std": {
                "mean": 0.027489552055107648,
                "var": 0.00034898279613943515,
                "count": 558
            },
            "accel_x_g_std": {
                "mean": 0.083925510464942,
                "var": 0.00016937967936831062,
                "count": 558
            },
            "gyro_z_dps_peak": {
                "mean": 25.611085688386538,
                "var": 4.2204312605389305,
                "count": 558
            },
            "gyro_x_dps_std": {
                "mean": 2.0064294767114412,
                "var": 0.10328497012558113,
                "count": 558
            },
            "accel_x_g_peak": {
                "mean": 0.46889638369726816,
                "var": 0.00029921943063962453,
                "count": 558
            },
            "accel_x_g_clearance_factor": {
                "mean": 1.4279924383127043,
                "var": 0.006031841688544759,
                "count": 558
            },
            "gyro_x_dps_peak": {
                "mean": 5.870006048098182,
                "var": 0.9784040342042317,
                "count": 558
            },
            "gyro_x_dps_rms": {
                "mean": 2.4212339687056397,
                "var": 0.2875545384810847,
                "count": 558
            },
            "accel_z_g_clearance_factor": {
                "mean": 1.0537389908973966,
                "var": 0.00020692689909851403,
                "count": 558
            },
            "gyro_z_dps_rms": {
                "mean": 13.26634663220641,
                "var": 3.6159056447050375,
                "count": 558
            }
        },
        "MEDIUM": {
            "accel_z_g_std": {
                "mean": 0.026709469782665793,
                "var": 1.8887365774324007e-5,
                "count": 563
            },
            "accel_x_g_std": {
                "mean": 0.07399849311423,
                "var": 0.00011034906356589651,
                "count": 563
            },
            "gyro_z_dps_peak": {
                "mean": 30.99950481113213,
                "var": 12.428036126461393,
                "count": 563
            },
            "gyro_x_dps_std": {
                "mean": 2.877974799214026,
                "var": 0.37115857796997,
                "count": 563
            },
            "accel_x_g_peak": {
                "mean": 0.46670932978592267,
                "var": 0.0006085440225283012,
                "count": 563
            },
            "accel_x_g_clearance_factor": {
                "mean": 1.4021753278167044,
                "var": 0.00523711428891338,
                "count": 563
            },
            "gyro_x_dps_peak": {
                "mean": 8.117144870913544,
                "var": 3.742112493951268,
                "count": 563
            },
            "gyro_x_dps_rms": {
                "mean": 3.2142964164109475,
                "var": 0.4460620789099945,
                "count": 563
            },
            "accel_z_g_clearance_factor": {
                "mean": 1.057393401607723,
                "var": 0.00018560987696503162,
                "count": 563
            },
            "gyro_z_dps_rms": {
                "mean": 15.580426937092662,
                "var": 4.966246392645019,
                "count": 563
            }
        }
    },
    "metrics": {
        "train_accuracy": 1,
        "cv_accuracy_mean": 0.9991266375545852
    },
    "training_info": {
        "total_samples": 1144,
        "window_size": 100
    },
    "eda_traceability": {
        "feature_config_version": "5.8",
        "eda_id": "eda_20260203_221724",
        "eda_generated_at": "20260203_221724",
        "sample_rate_hz": 20,
        "selection_method": "anova_f_test_with_classwise_correlation_pairwise_2of3_score_topk",
        "features_count": 10,
        "collection_ids": [
            "col_20260202_175920_20hz"
        ],
        "sampling_validation": {
            "status": "skipped",
            "reason": "Fonte CSV selecionada",
            "expected_hz": 20,
            "actual_hz": null,
            "deviation_pct": null,
            "samples": 0,
            "duration_min": null
        }
    },
    "_adapted": true,
    "_base_version": "py_20260203",
    "_adaptation_history": [
        {
            "timestamp": "2026-02-09T18:17:19.482Z",
            "lambda": 0.9,
            "classes": [
                "LOW",
                "MEDIUM",
                "HIGH"
            ],
            "featureCount": 10,
            "tag": null,
            "server_export": {
                "status": "ok",
                "file": "adapted_20260209_151719_f20hz_lambda0p90_col_20260209_181623_20hz_base_py_20260203_m_py_20260203.json",
                "relative_path": "models/adapted/adapted_20260209_151719_f20hz_lambda0p90_col_20260209_181623_20hz_base_py_20260203_m_py_20260203.json",
                "latest": "models/adapted/latest.json"
            },
            "axis_ref": {
                "status": "ok",
                "source": "soak_test",
                "classes": [
                    "LOW",
                    "MEDIUM",
                    "HIGH"
                ]
            }
        },
        {
            "timestamp": "2026-02-09T18:31:02.807Z",
            "lambda": 0.9,
            "classes": [
                "LOW",
                "MEDIUM",
                "HIGH"
            ],
            "featureCount": 10,
            "tag": null,
            "server_export": {
                "status": "ok",