{
    "type": "gaussian_nb",
    "version": "py_20260203",
    "generated_at": "2026-02-03 22:20:29",
    "generated_by": "02_Model_Training_Evaluation.ipynb",
    "features": [
        "accel_z_g_std",
        "accel_x_g_std",
        "gyro_z_dps_peak",
        "gyro_x_dps_std",
        "accel_x_g_peak",
        "accel_x_g_clearance_factor",
        "gyro_x_dps_peak",
        "gyro_x_dps_rms",
        "accel_z_g_clearance_factor",
        "gyro_z_dps_rms"
    ],
    "labels": [
        "HIGH",
        "LOW",
        "MEDIUM"
    ],
    "priors": {
        "HIGH": 0.333000022365694,
        "LOW": 0.333999955268612,
        "MEDIUM": 0.333000022365694
    },
    "stats": {
        "HIGH": {
            "accel_z_g_std": {
                "mean": 0.07538648842615027,
                "var": 0.0001997490825888723,
                "count": 201
            },
            "accel_x_g_std": {
                "mean": 0.30847012350034453,
                "var": 0.0036053057827727525,
                "count": 201
            },
            "gyro_z_dps_peak": {
                "mean": 49.12815889058643,
                "var": 6.412943367251501,
                "count": 201
            },
            "gyro_x_dps_std": {
                "mean": 7.752330602186488,
                "var": 0.324527885479597,
                "count": 201
            },
            "accel_x_g_peak": {
                "mean": 0.9863688762878521,
                "var": 0.027379874838875717,
                "count": 201
            },
            "accel_x_g_clearance_factor": {
                "mean": 3.2031615236741424,
                "var": 0.1867116775659614,
                "count": 201
            },
            "gyro_x_dps_peak": {
                "mean": 21.159476985152985,
                "var": 7.40871526312975,
                "count": 201
            },
            "gyro_x_dps_rms": {
                "mean": 8.052623874116263,
                "var": 0.4108647323546535,
                "count": 201
            },
            "accel_z_g_clearance_factor": {
                "mean": 1.1846668002109144,
                "var": 0.0021438634872104068,
                "count": 201
            },
            "gyro_z_dps_rms": {
                "mean": 21.91971337168031,
                "var": 4.138316641228016,
                "count": 201
            }
        },
        "LOW": {
            "accel_z_g_std": {
                "mean": 0.027031096170618107,
                "var": 5.439694043416583e-6,
                "count": 202
            },
            "accel_x_g_std": {
                "mean": 0.0898780030682235,
                "var": 9.495998456588231e-5,
                "count": 202
            },
            "gyro_z_dps_peak": {
                "mean": 24.982452756466753,
                "var": 1.6361725751762606,
                "count": 202
            },
            "gyro_x_dps_std": {
                "mean": 1.7838801581622585,
                "var": 0.09241039790038075,
                "count": 202
            },
            "accel_x_g_peak": {
                "mean": 0.4701824172541604,
                "var": 0.000458308351654918,
                "count": 202
            },
            "accel_x_g_clearance_factor": {
                "mean": 1.4562781243889376,
                "var": 0.005684829563105787,
                "count": 202
            },
            "gyro_x_dps_peak": {
                "mean": 5.3887220925561135,
                "var": 1.0198388632069602,
                "count": 202
            },
            "gyro_x_dps_rms": {
                "mean": 2.2260788708095633,
                "var": 0.3315344078378599,
                "count": 202
            },
            "accel_z_g_clearance_factor": {
                "mean": 1.0522988277047167,
                "var": 5.308572604456607e-5,
                "count": 202
            },
            "gyro_z_dps_rms": {
                "mean": 13.221820640952963,
                "var": 2.3976078989218763,
                "count": 202
            }
        },
        "MEDIUM": {
            "accel_z_g_std": {
                "mean": 0.027800812090326053,
                "var": 3.2492721673158366e-5,
                "count": 201
            },
            "accel_x_g_std": {
                "mean": 0.07594262668148363,
                "var": 7.229953469241931e-5,
                "count": 201
            },
            "gyro_z_dps_peak": {
                "mean": 33.15971563442628,
                "var": 7.761639317172921,
                "count": 201
            },
            "gyro_x_dps_std": {
                "mean": 3.1790697710648907,
                "var": 0.4882420443736972,
                "count": 201
            },
            "accel_x_g_peak": {
                "mean": 0.4689565385670071,
                "var": 0.001178348277537905,
                "count": 201
            },
            "accel_x_g_clearance_factor": {
                "mean": 1.440538512446169,
                "var": 0.0031503712254146166,
                "count": 201
            },
            "gyro_x_dps_peak": {
                "mean": 8.978096407725163,
                "var": 4.899222896864728,
                "count": 201
            },
            "gyro_x_dps_rms": {
                "mean": 3.472863473819003,
                "var": 0.6142115189523203,
                "count": 201
            },
            "accel_z_g_clearance_factor": {
                "mean": 1.060753270979142,
                "var": 0.0003195175001471373,
                "count": 201
            },
            "gyro_z_dps_rms": {
                "mean": 16.231385347826848,
                "var": 3.3471115133808667,
                "count": 201
            }
        }
    },
    "metrics": {
        "train_accuracy": 1,
        "cv_accuracy_mean": 0.9991266375545852
    },
    "training_info": {
        "total_samples": 1144,
        "window_size": 100
    },
    "eda_traceability": {
        "feature_config_version": "5.8",
        "eda_id": "eda_20260203_221724",
        "eda_generated_at": "20260203_221724",
        "sample_rate_hz": 20,
        "selection_method": "anova_f_test_with_classwise_correlation_pairwise_2of3_score_topk",
        "features_count": 10,
        "collection_ids": [
            "col_20260202_175920_20hz"
        ],
        "sampling_validation": {
            "status": "skipped",
            "reason": "Fonte CSV selecionada",
            "expected_hz": 20,
            "actual_hz": null,
            "deviation_pct": null,
            "samples": 0,
            "duration_min": null
        }
    },
    "_adapted": true,
    "_base_version": "py_20260203",
    "_adaptation_history": [
        {
            "timestamp": "2026-02-09T18:17:19.482Z",
            "lambda": 0.9,
            "classes": [
                "LOW",
                "MEDIUM",
                "HIGH"
            ],
            "featureCount": 10,
            "tag": null,
            "server_export": {
                "status": "pending"
            },
            "axis_ref": {
                "status": "ok",
                "source": "soak_test",
                "classes": [
                    "LOW",
                    "MEDIUM",
                    "HIGH"
                ]
            }
        }
    ],
    "_ol_last_absorb": {
        "timestamp": "2026-02-09T18:17:19.482Z",
        "lambda": 0.9,
        "tag": null,
        "configured_sample_rate_hz": 20,
        "collection_id": "col_20260209_181623_20hz"
    },
    "_ol_reference_baselines": {
        "version": 1,
        "generated_at": "2026-02-09T18:17:19.482Z",
        "source": "soak_test",
        "tag": null,
        "configured_sample_rate_hz": 20,
        "collection_id": "col_20260209_181623_20hz",
        "classes": {
            "LOW": {
                "n": 745,
                "accel_x_g": {
                    "n": 745,
                    "mean": 0.3411311409395978,